основная услуга;Дополнительная услуга 1;Дополнительная услуга 2;Дополнительная услуга 3;Дополнительная услуга 4;Дополнительная услуга 5;Дополнительная услуга 6;Дополнительная услуга 7 Только для Ж;Дополнительная услуга 8 Только для М;Дополнительная услуга 9;Дополнительная услуга 10;
063121;061057;;;;;;;;;;
063221;061057;;;;;;;;;;
063124;061057;;;;;;;;;;
063224;061057;;;;;;;;;;
063127;061057;;;;;;;;;;
063227;061057;;;;;;;;;;
063130;061057;;;;;;;;;;
063230;061057;;;;;;;;;;
063133;061057;;;;;;;;;;
063233;061057;;;;;;;;;;
063136;061057;;;;;;;;;;
063236;061057;;;;;;;;;;
063139;061057;;;;;;;;;;
063239;061057;;;;;;;;;;
063142;061057;;;;;;;;;;
063242;061057;;;;;;;;;;
063145;061057;;;;;;;;;;
063245;061057;;;;;;;;;;
063148;061057;;;;;;;;;;
063248;061057;;;;;;;;;;
063151;061057;061053;;;;;;;;;
063251;061057;061053;;;;;;;;;
063154;061057;;;;;;;;;;
063254;061057;;;;;;;;;;
063157;061057;061053;;;;;;;;;
063257;061057;061053;;;;;;;;;
063160;061057;;;;;;;;;;
063260;061057;;;;;;;;;;
063163;061057;061053;;;;;;;;;
063263;061057;061053;;;;;;;;;
063166;061057;;;;;;;;;;
063266;061057;;;;;;;;;;
063169;061057;061053;;;;;;;;;
063269;061057;061053;;;;;;;;;
063172;061057;;;;;;;;;;
063272;061057;;;;;;;;;;
063175;061057;061053;;;;;;;;;
063275;061057;061053;;;;;;;;;
063178;061057;;;;;;;;;;
063278;061057;;;;;;;;;;
063181;061057;061053;;;;;;;;;
063281;061057;061053;;;;;;;;;
063184;061057;;;;;;;;;;
063284;061057;;;;;;;;;;
063187;061057;061053;;;;;;;;;
063287;061057;061053;;;;;;;;;
063190;061057;;;;;;;;;;
063290;061057;;;;;;;;;;
063193;061057;061053;;;;;;;;;
063293;061057;061053;;;;;;;;;
063196;061057;;;;;;;;;;
063296;061057;;;;;;;;;;
063199;061057;061053;;;;;;;;;
063299;061057;061053;;;;;;;;;
163401;161014;;;;;;;;;;
163402;161014;161001;161031;161006;;;;;;;
163403;161014;;;;;;;;;;
163404;161014;161001;161042;;;;;;;;
163405;161014;;;;;;;;;;
163406;161014;;;;;;;;;;
163407;161014;161001;161031;;;;;;;;
163408;161014;;;;;;;;;;
163409;161014;;;;;;;;;;
163410;161014;;;;;;;;;;
163411;161014;;;;;;;;;;
163412;161014;;;;;;;;;;
163413;161014;161001;161031;161006;161010;161144;;;;;
163414;161014;;;;;;;;;;
163415;161014;;;;;;;;;;
163416;161014;;;;;;;;;;
163417;161014;;;;;;;;;;
163418;161014;;;;;;;;;;
163419;161014;161001;161031;161006;161010;161144;161026;161047;;;
163420;161014;161031;;;;;;;;;
163421;161014;161031;;;;;;;;;
163422;161014;161001;161006;;;;;;;;
163423;161014;161001;161031;161006;161010;161144;161026;161047;161042;;
163424;161014;;;;;;;;;;
163425;161014;;;;;;;;;;
163426;161014;161001;161031;161006;161010;161144;;;161036;;
163427;161014;161031;161006;;;;;;;;
163428;161014;;;;;;161026;161047;;;
163429;161014;;;;;;;;;;
163430;161014;161145;161001;161036;161010;161006;161026;161047;;;
163431;161014;161145;161001;161036;161010;161006;161026;161047;161042;161031;
163432;161014;161145;161001;161036;161010;161006;161026;161047;161042;161031;
163433;161014;161145;161001;161036;161010;161006;161026;161047;161042;161031;
163461;161014;;;;;;;;;;
163462;161014;161001;161031;161006;;;;;;;
163463;161014;;;;;;;;;;
163464;161014;161001;161042;;;;;;;;
163465;161014;;;;;;;;;;
163466;161014;;;;;;;;;;
163467;161014;161001;161031;;;;;;;;
163468;161014;;;;;;;;;;
163469;161014;;;;;;;;;;
163470;161014;;;;;;;;;;
163471;161014;;;;;;;;;;
163472;161014;;;;;;;;;;
163473;161014;161001;161031;161006;161010;161144;;;;;
163474;161014;;;;;;;;;;
163475;161014;;;;;;;;;;
163476;161014;;;;;;;;;;
163477;161014;;;;;;;;;;
163478;161014;;;;;;;;;;
163479;161014;161001;161031;161006;161010;161144;161026;161047;;;
163480;161014;161031;;;;;;;;;
163481;161014;161031;;;;;;;;;
163482;161014;161001;161006;;;;;;;;
163483;161014;161001;161031;161006;161010;161144;161026;161047;161042;;
163484;161014;;;;;;;;;;
163485;161014;;;;;;;;;;
163486;161014;161001;161031;161006;161010;161144;;;161036;;
163487;161014;161031;161006;;;;;;;;
163488;161014;;;;;;161026;161047;;;
163489;161014;;;;;;;;;;
163490;161014;161145;161001;161036;161010;161006;161026;161047;;;
163491;161014;161145;161001;161036;161010;161006;161026;161047;161042;161031;
163492;161014;161145;161001;161036;161010;161006;161026;161047;161042;161031;
163493;161014;161145;161001;161036;161010;161006;161026;161047;161042;161031;
063301;061053;;;;;;;;;;
063302;061005;;;;;;;;;;
063303;061005;;;;;;;;;;
063304;061061;;;;;;;;;;
063305;061001;;;;;;;;;;
063311;061057;;;;;;;;;;
063411;063430;063431;063432;063433;063434;;063436;;063438;061057;1
063412;063430;063431;063432;063433;063434;;063436;;063438;061057;1
063413;063430;063431;063432;063433;063434;;063436;063437;063438;061057;1
063414;063430;063431;063432;;063434;;063436;063437;063438;061057;1
063421;063430;063431;063432;063433;063434;;063436;;063438;061057;1
063422;063430;063431;063432;063433;063434;063435;063436;;063438;061057;1
063423;063430;063431;063432;063433;063434;063435;063436;063437;063438;061057;1
063424;063430;063431;063432;;063434;063435;063436;063437;063438;061057;1
